{
    "Légumes": [
        {
            "nom": "Avocat",
            "coordonnées": [
                23,
                13
            ]
        },
        {
            "nom": "Carotte",
            "coordonnées": [
                24,
                10
            ]
        },
        {
            "nom": "Céleri",
            "coordonnées": [
                24,
                11
            ]
        },
        {
            "nom": "Chou",
            "coordonnées": [
                23,
                12
            ]
        },
        {
            "nom": "Chou de Bruxelles",
            "coordonnées": [
                19,
                16
            ]
        }
    ]
}