{
    "Légumes": [
        {
            "nom": "Avocat",
            "coordonnées": [
                23.0,
                22.0
            ]
        },
        {
            "nom": "Champignons",
            "coordonnées": [
                23.0,
                24.0
            ]
        },
        {
            "nom": "Chou-rouge",
            "coordonnées": [
                23.0,
                26.0
            ]
        }
    ],
    "Poissons": [
        {
            "nom": "Cabillaud",
            "coordonnées": [
                1,
                1
            ]
        },
        {
            "nom": "Coquille St-Jacques",
            "coordonnées": [
                1,
                4
            ]
        },
        {
            "nom": "Hareng fumé",
            "coordonnées": [
                1,
                10
            ]
        },
        {
            "nom": "Huîtres",
            "coordonnées": [
                1,
                12
            ]
        }
    ],
    "Épicerie": [
        {
            "nom": "Cornichons",
            "coordonnées": [
                3,
                5
            ]
        },
        {
            "nom": "Graine de sésame",
            "coordonnées": [
                3,
                8
            ]
        }
    ]
}