{
    "Légumes": [
        {"nom": "Ail", "coordonnées": [23.0, 22.0]},
        {"nom": "Aubergine", "coordonnées": [23.0, 22.0]},
        {"nom": "Avocat", "coordonnées": [23.0, 22.0]},
        {"nom": "Betterave", "coordonnées": [23.0, 23.0]},
        {"nom": "Brocolis", "coordonnées": [23.0, 23.0]},
        {"nom": "Carotte", "coordonnées": [23.0, 23.0]},
        {"nom": "Céleri", "coordonnées": [23.0, 24.0]},
        {"nom": "Champignons", "coordonnées": [23.0, 24.0]},
        {"nom": "Chou", "coordonnées": [23.0, 24.0]},
        {"nom": "Chou de Bruxelles", "coordonnées": [23.0, 25.0]},
        {"nom": "Choucroute", "coordonnées": [23.0, 25.0]},
        {"nom": "Chou-fleur", "coordonnées": [23.0, 25.0]},
        {"nom": "Chou-rouge", "coordonnées": [23.0, 26.0]},
        {"nom": "Ciboulette", "coordonnées": [23.0, 26.0]},
        {"nom": "Concombre", "coordonnées": [23.0, 26.0]},
        {"nom": "Courgette", "coordonnées": [23.0, 27.0]},
        {"nom": "Échalote", "coordonnées": [23.0, 27.0]},
        {"nom": "Épinards", "coordonnées": [23.0, 27.0]},
        {"nom": "Haricot", "coordonnées": [23.0, 28.0]},
        {"nom": "Lentilles", "coordonnées": [23.0, 28.0]},
        {"nom": "Menthe", "coordonnées": [23.0, 28.0]},
        {"nom": "Navet", "coordonnées": [25.0, 22.0]},
        {"nom": "Oignons", "coordonnées": [25.0, 22.0]},
        {"nom": "Persil", "coordonnées": [25.0, 22.0]},
        {"nom": "Petits pois", "coordonnées": [25.0, 23.0]},
        {"nom": "Poireau", "coordonnées": [25.0, 23.0]},
        {"nom": "Poivron", "coordonnées": [25.0, 23.0]},
        {"nom": "Pomme de terre", "coordonnées": [25.0, 24.0]},
        {"nom": "Radis", "coordonnées": [25.0, 24.0]},
        {"nom": "Salade laitue", "coordonnées": [25.0, 24.0]},
        {"nom": "Salade composée", "coordonnées": [25.0, 25.0]},
        {"nom": "Tomate", "coordonnées": [25.0, 25.0]}
    ],
    "Poissons": [
        {"nom": "Bigorneaux", "coordonnées": [6.0, 3.0]},
        {"nom": "Cabillaud", "coordonnées": [6.0, 3.0]},
        {"nom": "Colin", "coordonnées": [6.0, 3.0]},
        {"nom": "Coques", "coordonnées": [5.0, 4.0]},
        {"nom": "Coquille St-Jacques", "coordonnées": [5.0, 4.0]},
        {"nom": "Crabe", "coordonnées": [5.0, 4.0]},
        {"nom": "Crevettes", "coordonnées": [4.0, 5.0]},
        {"nom": "Écrevisses", "coordonnées": [4.0, 5.0]},
        {"nom": "Encornet", "coordonnées": [4.0, 5.0]},
        {"nom": "Gambas", "coordonnées": [3.0, 6.0]},
        {"nom": "Hareng fumé", "coordonnées": [3.0, 6.0]},
        {"nom": "Homard", "coordonnées": [3.0, 6.0]},
        {"nom": "Huîtres", "coordonnées": [7.0, 2.0]},
        {"nom": "Maquereaux", "coordonnées": [7.0, 2.0]},
        {"nom": "Moules", "coordonnées": [7.0, 2.0]},
        {"nom": "Poissons eau douce", "coordonnées": [7.0, 3.0]},
        {"nom": "Poissons mer", "coordonnées": [7.0, 3.0]},
        {"nom": "Poissons panés", "coordonnées": [7.0, 3.0]},
        {"nom": "Poulpe", "coordonnées": [4.0, 6.0]},
        {"nom": "Saumon", "coordonnées": [4.0, 6.0]},
        {"nom": "Saumon fumé", "coordonnées": [4.0, 6.0]}
    ],
    "Viandes": [
        {"nom": "Agneau", "coordonnées": [33.0, 2.0]},
        {"nom": "Aiguillette de poulet", "coordonnées": [33.0, 2.0]},
        {"nom": "Andouille", "coordonnées": [33.0, 2.0]},
        {"nom": "Bacon", "coordonnées": [33.0, 2.0]},
        {"nom": "Bavette (boeuf)", "coordonnées": [33.0, 2.0]},
        {"nom": "Bifteck de boeuf", "coordonnées": [34.0, 2.0]},
        {"nom": "Boeuf (entrecôte)", "coordonnées": [34.0, 2.0]},
        {"nom": "Burgers", "coordonnées": [34.0, 2.0]},
        {"nom": "Caille", "coordonnées": [34.0, 2.0]},
        {"nom": "Canard", "coordonnées": [35.0, 2.0]},
        {"nom": "Chair à saucisse", "coordonnées": [35.0, 2.0]},
        {"nom": "Chipolatas", "coordonnées": [35.0, 2.0]},
        {"nom": "Chorizo", "coordonnées": [35.0, 2.0]},
        {"nom": "Cordon bleu", "coordonnées": [36.0, 2.0]},
        {"nom": "Côte de boeuf", "coordonnées": [36.0, 2.0]},
        {"nom": "Côtelettes d'agneau", "coordonnées": [36.0, 2.0]},
        {"nom": "Côtes de porc", "coordonnées": [36.0, 2.0]},
        {"nom": "Côtes de veau", "coordonnées": [37.0, 2.0]},
        {"nom": "Croc's jambon", "coordonnées": [37.0, 2.0]},
        {"nom": "Cuisses poulet rôti", "coordonnées": [37.0, 2.0]},
        {"nom": "Dinde", "coordonnées": [37.0, 2.0]},
        {"nom": "Escalope de veau", "coordonnées": [38.0, 2.0]},
        {"nom": "Faux-filet (boeuf)", "coordonnées": [38.0, 2.0]},
        {"nom": "Filet de poulet", "coordonnées": [38.0, 2.0]},
        {"nom": "Filet mignon", "coordonnées": [38.0, 2.0]},
        {"nom": "Foie", "coordonnées": [39.0, 2.0]},
        {"nom": "Foie gras", "coordonnées": [39.0, 2.0]},
        {"nom": "Hamburger", "coordonnées": [39.0, 2.0]},
        {"nom": "Hot-dog", "coordonnées": [39.0, 2.0]},
        {"nom": "Jambon cru", "coordonnées": [40.0, 2.0]},
        {"nom": "Jambon cuit", "coordonnées": [40.0, 2.0]},
        {"nom": "Jambon de volaille", "coordonnées": [40.0, 2.0]},
        {"nom": "Jambon fumé", "coordonnées": [40.0, 2.0]},
        {"nom": "Jambonneau", "coordonnées": [41.0, 2.0]},
        {"nom": "Jarret", "coordonnées": [41.0, 2.0]},
        {"nom": "Lapin", "coordonnées": [41.0, 2.0]},
        {"nom": "Lard", "coordonnées": [41.0, 2.0]},
        {"nom": "Lardons", "coordonnées": [42.0, 2.0]},
        {"nom": "Merguez", "coordonnées": [42.0, 2.0]},
        {"nom": "Mortadelle", "coordonnées": [42.0, 2.0]},
        {"nom": "Mouton", "coordonnées": [42.0, 2.0]},
        {"nom": "Nuggets", "coordonnées": [43.0, 2.0]},
        {"nom": "Pâté de campagne", "coordonnées": [43.0, 2.0]},
        {"nom": "Pintade", "coordonnées": [43.0, 2.0]},
        {"nom": "Poitrine de porc", "coordonnées": [43.0, 2.0]},
        {"nom": "Poulet", "coordonnées": [44.0, 2.0]},
        {"nom": "Rillettes", "coordonnées": [44.0, 2.0]},
        {"nom": "Rosbeef", "coordonnées": [44.0, 2.0]},
        {"nom": "Rôti de porc", "coordonnées": [44.0, 2.0]},
        {"nom": "Rôti de veau", "coordonnées": [45.0, 2.0]},
        {"nom": "Rumsteck", "coordonnées": [45.0, 2.0]},
        {"nom": "Salami", "coordonnées": [45.0, 2.0]},
        {"nom": "Saucisse de Toulouse", "coordonnées": [45.0, 2.0]},
        {"nom": "Saucisses", "coordonnées": [46.0, 2.0]},
        {"nom": "Saucisson à l'ail", "coordonnées": [46.0, 2.0]},
        {"nom": "Saucisson sec", "coordonnées": [46.0, 2.0]},
        {"nom": "Steak haché", "coordonnées": [46.0, 2.0]},
        {"nom": "Veau", "coordonnées": [47.0, 2.0]},
        {"nom": "Wings poulet", "coordonnées": [47.0, 2.0]}
    ],
    "Épicerie": [
        {"nom": "Blé dur", "coordonnées": [13.0, 44.0]},
        {"nom": "Bouillon cube", "coordonnées": [13.0, 44.0]},
        {"nom": "Cannelle", "coordonnées": [13.0, 44.0]},
        {"nom": "Chapelure", "coordonnées": [13.0, 45.0]},
        {"nom": "Coriandre", "coordonnées": [13.0, 45.0]},
        {"nom": "Cornichons", "coordonnées": [13.0, 45.0]},
        {"nom": "Curry", "coordonnées": [13.0, 46.0]},
        {"nom": "Farine", "coordonnées": [13.0, 46.0]},
        {"nom": "Graine de sésame", "coordonnées": [13.0, 46.0]},
        {"nom": "Haricots", "coordonnées": [13.0, 47.0]},
        {"nom": "Herbes de Provence", "coordonnées": [13.0, 47.0]},
        {"nom": "Huile", "coordonnées": [13.0, 47.0]},
        {"nom": "Huile d'olive", "coordonnées": [13.0, 48.0]},
        {"nom": "Ketchup", "coordonnées": [13.0, 48.0]},
        {"nom": "Lentilles", "coordonnées": [13.0, 48.0]},
        {"nom": "Levure", "coordonnées": [13.0, 49.0]},
        {"nom": "Maïzena", "coordonnées": [13.0, 49.0]},
        {"nom": "Mayonnaise", "coordonnées": [13.0, 49.0]},
        {"nom": "Moutarde", "coordonnées": [13.0, 50.0]},
        {"nom": "Olives", "coordonnées": [13.0, 50.0]},
        {"nom": "Origan", "coordonnées": [13.0, 50.0]},
        {"nom": "Oyster sauce", "coordonnées": [13, 51.0]},
        {"nom": "Paprika", "coordonnées": [13, 51.0]},
        {"nom": "Pâtes", "coordonnées": [13, 51.0]},
        {"nom": "Pâtes chinoise", "coordonnées": [16, 24]},
        {"nom": "Pois chiches", "coordonnées": [16, 25]},
        {"nom": "Poivre", "coordonnées": [16, 26]},
        {"nom": "Purée", "coordonnées": [3, 27]},
        {"nom": "Quinoa", "coordonnées": [3, 28]},
        {"nom": "Riz", "coordonnées": [3, 29]},
        {"nom": "Sarrasin", "coordonnées": [3, 30]},
        {"nom": "Sauce de soja", "coordonnées": [3, 31]},
        {"nom": "Sel", "coordonnées": [3, 32]},
        {"nom": "Semoule", "coordonnées": [3, 33]},
        {"nom": "Tapioca", "coordonnées": [3, 34]},
        {"nom": "Vinaigre", "coordonnées": [3, 35]}
    ],
    "Épicerie sucrée": [
        {"nom": "Amandes", "coordonnées": [4, 0]},
        {"nom": "Beurre de cacahuète", "coordonnées": [4, 1]},
        {"nom": "Cassonade", "coordonnées": [4, 2]},
        {"nom": "Citron confits", "coordonnées": [4, 3]},
        {"nom": "Dattes", "coordonnées": [4, 4]},
        {"nom": "Figues sèches", "coordonnées": [4, 5]},
        {"nom": "Gingembre confit", "coordonnées": [4, 6]},
        {"nom": "Noisettes", "coordonnées": [4, 7]},
        {"nom": "Noix coco râpée", "coordonnées": [4, 8]},
        {"nom": "Noix de cajou", "coordonnées": [4, 9]},
        {"nom": "Orange confite", "coordonnées": [4, 10]},
        {"nom": "Pruneaux", "coordonnées": [4, 11]},
        {"nom": "Raisins secs", "coordonnées": [4, 12]},
        {"nom": "Sucre vanillé", "coordonnées": [4, 13]}
    ],
    "Petit déjeuner": [
        {"nom": "Barres chocolatées", "coordonnées": [5, 0]},
        {"nom": "Biscottes", "coordonnées": [5, 1]},
        {"nom": "Brioche", "coordonnées": [5, 2]},
        {"nom": "Cacao", "coordonnées": [5, 3]},
        {"nom": "Café en grains", "coordonnées": [5, 4]},
        {"nom": "Café moulu", "coordonnées": [5, 5]},
        {"nom": "Céréales", "coordonnées": [5, 6]},
        {"nom": "Chicorée", "coordonnées": [5, 7]},
        {"nom": "Confiture", "coordonnées": [5, 8]},
        {"nom": "Crêpes", "coordonnées": [5, 9]},
        {"nom": "Croissants", "coordonnées": [5, 10]},
        {"nom": "Dosettes de café", "coordonnées": [5, 11]},
        {"nom": "Gaufres", "coordonnées": [5, 12]},
        {"nom": "Madeleines", "coordonnées": [5, 13]},
        {"nom": "Miel", "coordonnées": [5, 14]},
        {"nom": "Muffins", "coordonnées": [5, 15]},
        {"nom": "Pain au chocolat", "coordonnées": [5, 16]},
        {"nom": "Pancakes", "coordonnées": [5, 17]},
        {"nom": "Pâte à tartiner", "coordonnées": [5, 18]},
        {"nom": "Quatre quart", "coordonnées": [5, 19]},
        {"nom": "Thé", "coordonnées": [5, 20]},
        {"nom": "Tisane", "coordonnées": [5, 21]}
    ],
    "Fruits": [
        {"nom": "Abricots", "coordonnées": [6, 0]},
        {"nom": "Ananas", "coordonnées": [6, 1]},
        {"nom": "Bananes", "coordonnées": [6, 2]},
        {"nom": "Cassis", "coordonnées": [6, 3]},
        {"nom": "Cerises", "coordonnées": [6, 4]},
        {"nom": "Citrons", "coordonnées": [6, 5]},
        {"nom": "Clémentine", "coordonnées": [6, 6]},
        {"nom": "Fraises", "coordonnées": [6, 7]},
        {"nom": "Framboise", "coordonnées": [6, 8]},
        {"nom": "Fruit de la passion", "coordonnées": [6, 9]},
        {"nom": "Grenade", "coordonnées": [6, 10]},
        {"nom": "Kiwis", "coordonnées": [6, 11]},
        {"nom": "Mandarines", "coordonnées": [6, 12]},
        {"nom": "Mangue", "coordonnées": [6, 13]},
        {"nom": "Melons", "coordonnées": [6, 14]},
        {"nom": "Mûre", "coordonnées": [6, 15]},
        {"nom": "Myrtille", "coordonnées": [6, 16]},
        {"nom": "Nectarine", "coordonnées": [6, 17]},
        {"nom": "Oranges", "coordonnées": [6, 18]},
        {"nom": "Pamplemousses", "coordonnées": [6, 19]},
        {"nom": "Pastèque", "coordonnées": [6, 20]},
        {"nom": "Pêches", "coordonnées": [6, 21]},
        {"nom": "Poires", "coordonnées": [6, 22]},
        {"nom": "Pommes", "coordonnées": [6, 23]},
        {"nom": "Prunes", "coordonnées": [6, 24]},
        {"nom": "Raisin", "coordonnées": [6, 25]}
    ],
    "Rayon frais": [
        {"nom": "Croque monsieur", "coordonnées": [7, 0]},
        {"nom": "Crudités", "coordonnées": [7, 1]},
        {"nom": "Feuilles de brick", "coordonnées": [7, 2]},
        {"nom": "Foie gras", "coordonnées": [7, 3]},
        {"nom": "Galettes", "coordonnées": [7, 4]},
        {"nom": "Pâtes à tarte", "coordonnées": [7, 5]},
        {"nom": "Pâtes fraîches", "coordonnées": [7, 6]},
        {"nom": "Pizzas", "coordonnées": [7, 7]},
        {"nom": "Quiches", "coordonnées": [7, 8]},
        {"nom": "Ravioles", "coordonnées": [7, 9]},
        {"nom": "Taboulé", "coordonnées": [7, 10]}
    ],
    "Crèmerie": [
        {"nom": "Beurre", "coordonnées": [8, 0]},
        {"nom": "Boisson lactée", "coordonnées": [8, 1]},
        {"nom": "Crème dessert", "coordonnées": [8, 2]},
        {"nom": "Crème fraîche", "coordonnées": [8, 3]},
        {"nom": "Feta", "coordonnées": [8, 4]},
        {"nom": "Fromage blanc", "coordonnées": [8, 5]},
        {"nom": "Fromages", "coordonnées": [8, 6]},
        {"nom": "Lait", "coordonnées": [8, 7]},
        {"nom": "Margarine", "coordonnées": [8, 8]},
        {"nom": "Mascarpone", "coordonnées": [8, 9]},
        {"nom": "Mozzarella", "coordonnées": [8, 10]},
        {"nom": "Œufs", "coordonnées": [8, 11]},
        {"nom": "Petit suisse", "coordonnées": [8, 12]},
        {"nom": "Riz au lait", "coordonnées": [8, 13]},
        {"nom": "Yaourts", "coordonnées": [8, 14]}
    ],
    "Conserves": [
        {"nom": "Anchois", "coordonnées": [9, 0]},
        {"nom": "Bolognaise", "coordonnées": [9, 1]},
        {"nom": "Compote", "coordonnées": [9, 2]},
        {"nom": "Flageolets", "coordonnées": [9, 3]},
        {"nom": "Haricots vert", "coordonnées": [9, 4]},
        {"nom": "Maïs", "coordonnées": [9, 5]},
        {"nom": "Pâté", "coordonnées": [9, 6]},
        {"nom": "Petits pois", "coordonnées": [9, 7]},
        {"nom": "Sardine", "coordonnées": [9, 8]},
        {"nom": "Sauce tomate", "coordonnées": [9, 9]},
        {"nom": "Soupes", "coordonnées": [9, 10]},
        {"nom": "Thon", "coordonnées": [9, 11]}
    ],
    "Apéritifs": [
        {"nom": "Biscuits salés", "coordonnées": [10, 0]},
        {"nom": "Bretzel", "coordonnées": [10, 1]},
        {"nom": "Cacahuètes", "coordonnées": [10, 2]},
        {"nom": "Chips", "coordonnées": [10, 3]},
        {"nom": "Guacamole", "coordonnées": [10, 4]},
        {"nom": "Olives", "coordonnées": [10, 5]},
        {"nom": "Pistaches", "coordonnées": [10, 6]}
    ],
    "Boissons": [
        {"nom": "Alcools fort", "coordonnées": [11, 0]},
        {"nom": "Bière", "coordonnées": [11, 1]},
        {"nom": "Eau gazeuse", "coordonnées": [11, 2]},
        {"nom": "Eau minérale", "coordonnées": [11, 3]},
        {"nom": "Jus de fruits", "coordonnées": [11, 4]},
        {"nom": "Sirop", "coordonnées": [11, 5]},
        {"nom": "Soda", "coordonnées": [11, 6]},
        {"nom": "Vin", "coordonnées": [11, 7]}
    ],
    "Articles Maison": [
        {"nom": "Allume barbecue", "coordonnées": [12, 0]},
        {"nom": "Allumettes", "coordonnées": [12, 1]},
        {"nom": "Anticalcaire", "coordonnées": [12, 2]},
        {"nom": "Assouplissant", "coordonnées": [12, 3]},
        {"nom": "Bougies", "coordonnées": [12, 4]},
        {"nom": "Cirage", "coordonnées": [12, 5]},
        {"nom": "Cure dents", "coordonnées": [12, 6]},
        {"nom": "Désodorisant", "coordonnées": [12, 7]},
        {"nom": "Détachant", "coordonnées": [12, 8]},
        {"nom": "Eau de javel", "coordonnées": [12, 9]},
        {"nom": "Éponges", "coordonnées": [12, 10]},
        {"nom": "Essuie tout", "coordonnées": [12, 11]},
        {"nom": "Film plastique", "coordonnées": [12, 12]},
        {"nom": "Filtre à café", "coordonnées": [12, 13]},
        {"nom": "Gants de ménage", "coordonnées": [12, 14]},
        {"nom": "Insecticide", "coordonnées": [12, 15]},
        {"nom": "Lessive", "coordonnées": [12, 16]},
        {"nom": "Mouchoirs", "coordonnées": [12, 17]},
        {"nom": "Nettoyant Four", "coordonnées": [12, 18]},
        {"nom": "Nettoyant SDB", "coordonnées": [12, 19]},
        {"nom": "Nettoyant WC", "coordonnées": [12, 20]},
        {"nom": "Papier alu", "coordonnées": [12, 21]},
        {"nom": "Papier sulfurisé", "coordonnées": [12, 22]},
        {"nom": "Piles", "coordonnées": [12, 23]},
        {"nom": "Produit sol", "coordonnées": [12, 24]},
        {"nom": "Produit vaisselle", "coordonnées": [12, 25]},
        {"nom": "Produit vitre", "coordonnées": [12, 26]},
        {"nom": "Produits dégraissant", "coordonnées": [12, 27]},
        {"nom": "Sachets glaçon", "coordonnées": [12, 28]},
        {"nom": "Sacs aspirateur", "coordonnées": [12, 29]},
        {"nom": "Sacs congélation", "coordonnées": [12, 30]},
        {"nom": "Sacs poubelles", "coordonnées": [12, 31]},
        {"nom": "Savon", "coordonnées": [12, 32]},
        {"nom": "Sel machine", "coordonnées": [12, 33]},
        {"nom": "Serviettes papier", "coordonnées": [12, 34]}
    ],
    "Hygiène": [
        {"nom": "Après rasage", "coordonnées": [13, 0]},
        {"nom": "Brosse à dents", "coordonnées": [13, 1]},
        {"nom": "Cire épilation", "coordonnées": [13, 2]},
        {"nom": "Coton à démaquiller", "coordonnées": [13, 3]},
        {"nom": "Coton tiges", "coordonnées": [13, 4]},
        {"nom": "Couches bébé", "coordonnées": [13, 5]},
        {"nom": "Crème main", "coordonnées": [13, 6]},
        {"nom": "Dentifrice", "coordonnées": [13, 7]},
        {"nom": "Déodorant", "coordonnées": [13, 8]},
        {"nom": "Fil dentaire", "coordonnées": [13, 9]},
        {"nom": "Gel douche", "coordonnées": [13, 10]},
        {"nom": "Gel spray", "coordonnées": [13, 11]},
        {"nom": "Gel tube", "coordonnées": [13, 12]},
        {"nom": "Mousse à raser", "coordonnées": [13, 13]},
        {"nom": "Pansements", "coordonnées": [13, 14]},
        {"nom": "Papier toilette", "coordonnées": [13, 15]},
        {"nom": "Produit lentilles", "coordonnées": [13, 16]},
        {"nom": "Protection intime", "coordonnées": [13, 17]},
        {"nom": "Rasoirs", "coordonnées": [13, 18]},
        {"nom": "Savon main", "coordonnées": [13, 19]},
        {"nom": "Shampooing", "coordonnées": [13, 20]}
    ],
    "Bureau": [
        {"nom": "Bloc note", "coordonnées": [14, 0]},
        {"nom": "Calculatrice", "coordonnées": [14, 1]},
        {"nom": "Chemises carton", "coordonnées": [14, 2]},
        {"nom": "Ciseau à papier", "coordonnées": [14, 3]},
        {"nom": "Colle", "coordonnées": [14, 4]},
        {"nom": "Crayons à papier", "coordonnées": [14, 5]},
        {"nom": "Crayons de couleur", "coordonnées": [14, 6]},
        {"nom": "Encre Imprimante", "coordonnées": [14, 7]},
        {"nom": "Enveloppes", "coordonnées": [14, 8]},
        {"nom": "Étiquettes", "coordonnées": [14, 9]},
        {"nom": "Ficelle", "coordonnées": [14, 10]},
        {"nom": "Gomme", "coordonnées": [14, 11]},
        {"nom": "Papier à lettre", "coordonnées": [14, 12]},
        {"nom": "Papier imprimante", "coordonnées": [14, 13]},
        {"nom": "Scotch", "coordonnées": [14, 14]},
        {"nom": "Souris de correction", "coordonnées": [14, 15]},
        {"nom": "Stylo bille", "coordonnées": [14, 16]},
        {"nom": "Surligneur", "coordonnées": [14, 17]},
        {"nom": "Taille-crayon", "coordonnées": [14, 18]},
        {"nom": "Timbres", "coordonnées": [14, 19]},
        {"nom": "Trombones", "coordonnées": [14, 20]}
    ],
    "Animaux": [
        {"nom": "Boites", "coordonnées": [15, 0]},
        {"nom": "Croquettes", "coordonnées": [15, 1]},
        {"nom": "Graines", "coordonnées": [15, 2]},
        {"nom": "Litière", "coordonnées": [15, 3]},
        {"nom": "Pâtées", "coordonnées": [15, 4]}
    ]
}
